#columns: contig, type, start, idx, size_change
Chr11_hapA_Tb427v11	closedgap_full	278329	2	24486
Chr11_hapA_Tb427v11	closedgap_full	4670897	3	2185
Chr10_hapA_Tb427v11	closedgap_full	75627	6	8176
Chr10_hapA_Tb427v11	closedgap_full	4106794	7	1002
Chr9_hapA_Tb427v11	closedgap_full	210586	8	38771
Chr9_hapA_Tb427v11	closedgap_full	372737	9	1001
Chr9_hapA_Tb427v11	closedgap_full	720179	10	22734
Chr9_hapA_Tb427v11	closedgap_full	2632590	12	4220
Chr9_hapA_Tb427v11	closedgap_full	3073656	13	1700
Chr8_hapA_Tb427v11	closedgap_full	112436	16	9791
Chr8_hapA_Tb427v11	closedgap_full	342448	17	12703
Chr8_hapA_Tb427v11	closedgap_full	805959	18	1001
Chr8_hapA_Tb427v11	closedgap_full	2940439	20	3844
Chr8_hapA_Tb427v11	closedgap_full	3177754	21	1001
Chr7_hapA_Tb427v11	closedgap_full	862525	22	1003
Chr7_hapA_Tb427v11	closedgap_full	1336219	23	35272
Chr7_hapA_Tb427v11	closedgap_full	2690138	24	12082
Chr6_hapA_Tb427v11	closedgap_full	2452816	30	20005
Chr6_hapA_Tb427v11	closedgap_full	2652188	32	15671
Chr5_hapA_Tb427v11	closedgap_full	1514050	35	1001
Chr5_hapA_Tb427v11	closedgap_full	1681123	36	18695
Chr5_hapA_Tb427v11	closedgap_full	1817365	37	19481
Chr4_hapA_Tb427v11	closedgap_full	975637	39	26192
Chr3_hapA_Tb427v11	closedgap_full	302598	41	44347
Chr3_hapA_Tb427v11	closedgap_full	542356	42	1001
Chr3_hapA_Tb427v11	closedgap_full	1363042	43	31807
Chr3_hapA_Tb427v11	closedgap_full	2031605	44	10732
Chr1_hapA_Tb427v11	closedgap_full	99459	48	1001
Chr1_hapA_Tb427v11	closedgap_full	709834	49	35258
Chr1_hapA_Tb427v11	closedgap_full	990632	50	1001
Chr1_hapA_Tb427v11	closedgap_full	1033739	51	3804
Chr1_hapA_Tb427v11	closedgap_full	3080576	55	6086
Chr11_hapB_Tb427v11	closedgap_full	31083	56	1003
Chr11_hapB_Tb427v11	closedgap_full	294786	57	2061
Chr11_hapB_Tb427v11	closedgap_full	4674750	58	12541
Chr11_hapB_Tb427v11	closedgap_full	4975051	59	26206
Chr11_hapB_Tb427v11	closedgap_full	5499093	61	32928
Chr10_hapB_Tb427v11	closedgap_full	57971	62	13551
Chr10_hapB_Tb427v11	closedgap_full	4100700	63	1001
Chr10_hapB_Tb427v11	closedgap_full	5357543	64	45731
Chr9_hapB_Tb427v11	closedgap_full	100510	65	1001
Chr9_hapB_Tb427v11	closedgap_full	463638	66	22734
Chr9_hapB_Tb427v11	closedgap_full	2668221	69	46532
Chr8_hapB_Tb427v11	closedgap_full	665112	70	8423
Chr8_hapB_Tb427v11	closedgap_full	786206	71	1001
Chr8_hapB_Tb427v11	closedgap_full	1103148	72	19243
Chr8_hapB_Tb427v11	closedgap_full	2939224	73	3841
Chr8_hapB_Tb427v11	closedgap_full	3201772	74	1001
Chr8_hapB_Tb427v11	closedgap_full	3417575	75	44753
Chr7_hapB_Tb427v11	closedgap_full	862525	77	1003
Chr7_hapB_Tb427v11	closedgap_full	1336410	78	42449
Chr7_hapB_Tb427v11	closedgap_full	2697930	79	12352
Chr7_hapB_Tb427v11	closedgap_full	2852599	80	31081
Chr6_hapB_Tb427v11	closedgap_full	1378409	82	14895
Chr6_hapB_Tb427v11	closedgap_full	2391432	83	45321
Chr5_hapB_Tb427v11	closedgap_full	222822	84	1441
Chr5_hapB_Tb427v11	closedgap_full	1438578	85	779
Chr5_hapB_Tb427v11	closedgap_full	1817006	86	2208
Chr4_hapB_Tb427v11	closedgap_full	114974	89	2054
Chr4_hapB_Tb427v11	closedgap_full	1005812	90	47852
Chr4_hapB_Tb427v11	closedgap_full	1593832	91	1001
Chr3_hapB_Tb427v11	closedgap_full	24796	92	1001
Chr3_hapB_Tb427v11	closedgap_full	846077	93	31807
Chr3_hapB_Tb427v11	closedgap_full	1514644	94	10732
Chr1_hapB_Tb427v11	closedgap_full	875907	97	42553
Chr1_hapB_Tb427v11	closedgap_full	1164422	98	1001
Chr1_hapB_Tb427v11	closedgap_full	1391145	99	18687
Chr1_hapB_Tb427v11	closedgap_full	1480653	100	40977
Chr1_hapB_Tb427v11	closedgap_full	1592383	101	29908
BES17_Tb427v11	closedgap_full	64824	102	28
BES2_Tb427v11	closedgap_full	49094	103	2806
Chr7_hapA_Tb427v11	closedgap_a	2844242	1	50463
Chr3_hapA_Tb427v11	closedgap_a	2171182	7	47089
Chr8_hapA_Tb427v11	closedgap_a	1117076	8	3914
Chr6_hapA_Tb427v11	closedgap_a	1394910	12	1002
Chr9_hapA_Tb427v11	closedgap_a	2401344	16	49789
Chr9_hapB_Tb427v11	closedgap_b	2149189	4	49736
Chr3_hapB_Tb427v11	closedgap_b	1654221	7	46392
Chr1_hapB_Tb427v11	closedgap_b	222325	9	44711
Chr8_hapA_Tb427v11	expanded_region	647418	1	1999
Chr8_hapA_Tb427v11	expanded_region	953890	2	1999
Chr8_hapA_Tb427v11	expanded_region	1041087	3	-3699
Chr8_hapA_Tb427v11	expanded_region	1202231	4	11951
Chr8_hapA_Tb427v11	expanded_region	1791909	5	2012
Chr8_hapA_Tb427v11	expanded_region	2538851	6	2470
Chr8_hapA_Tb427v11	expanded_region	2860572	7	2355
Chr8_hapA_Tb427v11	expanded_region	3131922	8	4163
Chr4_hapA_Tb427v11	expanded_region	313108	10	1999
Chr4_hapA_Tb427v11	expanded_region	526004	11	11446
Chr4_hapA_Tb427v11	expanded_region	1361127	12	5962
Chr11_hapA_Tb427v11	expanded_region	1055137	15	-987
Chr11_hapA_Tb427v11	expanded_region	1364044	16	2811
Chr11_hapA_Tb427v11	expanded_region	1985706	17	2001
Chr11_hapA_Tb427v11	expanded_region	2185930	18	1999
Chr6_hapA_Tb427v11	expanded_region	1303496	22	3911
Chr2_hapA_Tb427v11	expanded_region	63993	26	2028
Chr2_hapA_Tb427v11	expanded_region	628118	28	1999
Chr2_hapA_Tb427v11	expanded_region	1124212	30	2005
Chr7_hapA_Tb427v11	expanded_region	1892651	31	5620
Chr1_hapA_Tb427v11	expanded_region	899632	32	14827
Chr1_hapA_Tb427v11	expanded_region	1231559	34	2001
Chr1_hapA_Tb427v11	expanded_region	1386292	36	3168
Chr1_hapA_Tb427v11	expanded_region	2940934	38	-1314
Chr5_hapA_Tb427v11	expanded_region	464339	41	3275
Chr5_hapA_Tb427v11	expanded_region	901214	42	2004
Chr5_hapA_Tb427v11	expanded_region	1475906	43	8571
Chr9_hapA_Tb427v11	expanded_region	618710	44	1999
Chr9_hapA_Tb427v11	expanded_region	1598575	45	-491
Chr10_hapA_Tb427v11	expanded_region	2602607	48	2229
Chr10_hapA_Tb427v11	expanded_region	5059220	49	-3590
Chr2_hapB_Tb427v11	expanded_region	293446	50	-5101
Chr2_hapB_Tb427v11	expanded_region	396800	51	2233
Chr10_hapB_Tb427v11	expanded_region	555576	52	4274
Chr10_hapB_Tb427v11	expanded_region	811170	53	1999
Chr10_hapB_Tb427v11	expanded_region	1133204	54	1999
Chr10_hapB_Tb427v11	expanded_region	1762410	55	4202
Chr10_hapB_Tb427v11	expanded_region	2596140	56	2571
Chr10_hapB_Tb427v11	expanded_region	2723710	57	1999
Chr10_hapB_Tb427v11	expanded_region	3107198	58	2021
Chr10_hapB_Tb427v11	expanded_region	3142034	59	3156
Chr10_hapB_Tb427v11	expanded_region	4116426	60	1999
Chr10_hapB_Tb427v11	expanded_region	4130536	61	2005
Chr11_hapB_Tb427v11	expanded_region	467782	62	7916
Chr11_hapB_Tb427v11	expanded_region	1694235	63	2950
Chr11_hapB_Tb427v11	expanded_region	2663796	64	2001
Chr11_hapB_Tb427v11	expanded_region	4767356	65	6057
Chr9_hapB_Tb427v11	expanded_region	66254	67	1999
Chr9_hapB_Tb427v11	expanded_region	292439	68	2166
Chr9_hapB_Tb427v11	expanded_region	349947	69	17096
Chr9_hapB_Tb427v11	expanded_region	1268161	70	3529
Chr9_hapB_Tb427v11	expanded_region	1517126	71	1716
Chr5_hapB_Tb427v11	expanded_region	628501	73	1972
Chr7_hapB_Tb427v11	expanded_region	1484478	75	1919
Chr7_hapB_Tb427v11	expanded_region	1869481	76	1999
Chr7_hapB_Tb427v11	expanded_region	1899444	77	5498
Chr7_hapB_Tb427v11	expanded_region	2335881	78	2589
Chr4_hapB_Tb427v11	expanded_region	556599	80	11388
Chr4_hapB_Tb427v11	expanded_region	1517696	81	10795
Chr8_hapB_Tb427v11	expanded_region	1544626	82	7997
Chr8_hapB_Tb427v11	expanded_region	1728868	83	18108
Chr8_hapB_Tb427v11	expanded_region	2084716	84	-9778
Chr8_hapB_Tb427v11	expanded_region	2168395	85	1999
Chr8_hapB_Tb427v11	expanded_region	2594320	86	2023
Chr8_hapB_Tb427v11	expanded_region	2612896	87	1973
Chr8_hapB_Tb427v11	expanded_region	2793196	88	2009
Chr8_hapB_Tb427v11	expanded_region	3019054	89	11979
Chr8_hapB_Tb427v11	expanded_region	3129064	90	19101
Chr8_hapB_Tb427v11	expanded_region	3683260	92	2042
Chr1_hapB_Tb427v11	expanded_region	317679	93	2298
Chr1_hapB_Tb427v11	expanded_region	1073936	94	14760
Chr6_hapB_Tb427v11	expanded_region	300593	96	-2745
Chr6_hapB_Tb427v11	expanded_region	1902096	97	826
BES11_Tb427v11	expanded_region	53162	98	2022
BES14_Tb427v11	expanded_region	60198	99	2384
